mp_id,given_name,family_name,title,list,born_on,nationality,municipality,region,email,in_parliament,name,photo_url,attendance,possible,legislative_initiative
995,Anna,Andrejuvová,Mgr. et Mgr.,"OBYČAJNÍ ĽUDIA a nezávislé osobnosti (OĽANO), NOVA, Kresťanská únia (KÚ), ZMENA ZDOLA",1980-01-05,slovenská,Bratislava,Bratislavský,anna.andrejuvova@nrsr.sk,True,Anna Andrejuvová,https://www.nrsr.sk/web/dynamic/PoslanecPhoto.aspx?PoslanecID=995&ImageWidth=140,5742,6147,34
871,Vladimír,Baláž,"MUDr., PhD.",SMER – sociálna demokracia,1958-08-14,slovenská,Banská Bystrica,Banskobystrický kraj,vladimir.balaz@nrsr.sk,True,Vladimír Baláž,https://www.nrsr.sk/web/dynamic/PoslanecPhoto.aspx?PoslanecID=871&ImageWidth=140,2345,6136,9
967,Alojz,Baránik,JUDr.,Sloboda a Solidarita,1954-06-13,slovenská,Bratislava,Bratislavský,alojz.baranik@nrsr.sk,True,Alojz Baránik,https://www.nrsr.sk/web/dynamic/PoslanecPhoto.aspx?PoslanecID=967&ImageWidth=140,5286,6151,12
233,Jaroslav,Baška,Ing.,SMER – sociálna demokracia,1975-04-05,slovenská,Dohňany,Trenčiansky,jaroslav.baska@nrsr.sk,True,Jaroslav Baška,https://www.nrsr.sk/web/dynamic/PoslanecPhoto.aspx?PoslanecID=233&ImageWidth=140,4334,6151,9
919,Martin,Beluský,"Ing., PhD.",Kotlebovci - Ľudová strana Naše Slovensko,1987-04-17,slovenská,Piešťany,Trnavský,martin.belusky@nrsr.sk,True,Martin Beluský,https://www.nrsr.sk/web/dynamic/PoslanecPhoto.aspx?PoslanecID=919&ImageWidth=140,4795,6153,60
996,Ján,Benčík,,ZA ĽUDÍ,1948-07-29,slovenská,Ružomberok,Žilinský,jan.bencik@nrsr.sk,True,Ján Benčík,https://www.nrsr.sk/web/dynamic/PoslanecPhoto.aspx?PoslanecID=996&ImageWidth=140,5835,6149,19
976,Jana,Bittó Cigániková,"Mgr., MBA",Sloboda a Solidarita,1983-09-15,slovenská,Bratislava,Bratislavský,jana.ciganikova@nrsr.sk,True,Jana Bittó Cigániková,https://www.nrsr.sk/web/dynamic/PoslanecPhoto.aspx?PoslanecID=976&ImageWidth=140,4727,6153,25
885,Ľuboš,Blaha,"Mgr. PhDr., PhD.",SMER – sociálna demokracia,1979-12-07,slovenská,Bratislava,Bratislavský,lubos.blaha@nrsr.sk,True,Ľuboš Blaha,https://www.nrsr.sk/web/dynamic/PoslanecPhoto.aspx?PoslanecID=885&ImageWidth=140,4983,6133,15
238,Juraj,Blanár,Ing.,SMER – sociálna demokracia,1966-05-19,slovenská,Žilina,Žilinský,juraj.blanar@nrsr.sk,True,Juraj Blanár,https://www.nrsr.sk/web/dynamic/PoslanecPhoto.aspx?PoslanecID=238&ImageWidth=140,5314,6153,17
997,Ján,Blcháč,"Ing., PhD.",SMER – sociálna demokracia,1959-03-15,slovenská,Liptovský Mikuláš,Žilinský,jan.blchac@nrsr.sk,True,Ján Blcháč,https://www.nrsr.sk/web/dynamic/PoslanecPhoto.aspx?PoslanecID=997&ImageWidth=140,4721,6133,7
998,Martin,Borguľa,Ing.,SME RODINA,,slovenská,Bratislava,Bratislavský,,True,Martin Borguľa,https://www.nrsr.sk/web/dynamic/PoslanecPhoto.aspx?PoslanecID=998&ImageWidth=140,5138,6153,8
999,Martina,Brisudová,Mgr.,"OBYČAJNÍ ĽUDIA a nezávislé osobnosti (OĽANO), NOVA, Kresťanská únia (KÚ), ZMENA ZDOLA",1974-05-30,slovenská,Poltár,Banskobystrický,martina.brisudova@nrsr.sk,True,Martina Brisudová,https://www.nrsr.sk/web/dynamic/PoslanecPhoto.aspx?PoslanecID=999&ImageWidth=140,5493,6139,19
1000,Jozef,Bubnár,Mgr.,"OBYČAJNÍ ĽUDIA a nezávislé osobnosti (OĽANO), NOVA, Kresťanská únia (KÚ), ZMENA ZDOLA",1987-01-29,slovenská,Beladice,Nitriansky,jozef.bubnar@nrsr.sk,False,Jozef Bubnár,https://www.nrsr.sk/web/dynamic/PoslanecPhoto.aspx?PoslanecID=1000&ImageWidth=140,1662,2107,2
22,Ján,Budaj,,"OBYČAJNÍ ĽUDIA a nezávislé osobnosti (OĽANO), NOVA, Kresťanská únia (KÚ), ZMENA ZDOLA",1952-02-10,slovenská,Bratislava,Bratislavský,jan.budaj@nrsr.sk,True,Ján Budaj,https://www.nrsr.sk/web/dynamic/PoslanecPhoto.aspx?PoslanecID=22&ImageWidth=140,537,579,0
1001,Peter,Cmorej,Mgr. Ing.,Sloboda a Solidarita,1983-08-29,slovenská,Bratislava,Bratislavský,peter.cmorej@nrsr.sk,True,Peter Cmorej,https://www.nrsr.sk/web/dynamic/PoslanecPhoto.aspx?PoslanecID=1001&ImageWidth=140,5308,6146,32
1080,Kristián,Čekovský,Mgr.,"OBYČAJNÍ ĽUDIA a nezávislé osobnosti (OĽANO), NOVA, Kresťanská únia (KÚ), ZMENA ZDOLA",1991-02-19,slovenská,Hviezdoslavov,Trnavský,kristian.cekovsky@nrsr.sk,True,Kristián Čekovský,https://www.nrsr.sk/web/dynamic/PoslanecPhoto.aspx?PoslanecID=1080&ImageWidth=140,5645,6153,29
1003,Martin,Čepček,Mgr. et Mgr.,"OBYČAJNÍ ĽUDIA a nezávislé osobnosti (OĽANO), NOVA, Kresťanská únia (KÚ), ZMENA ZDOLA",1978-11-24,slovenská,Veľký Lapáš,Nitriansky,martin.cepcek@nrsr.sk,True,Martin Čepček,https://www.nrsr.sk/web/dynamic/PoslanecPhoto.aspx?PoslanecID=1003&ImageWidth=140,4796,6110,43
1004,Peter,Dobeš,RNDr.,"OBYČAJNÍ ĽUDIA a nezávislé osobnosti (OĽANO), NOVA, Kresťanská únia (KÚ), ZMENA ZDOLA",1957-04-07,slovenská,Rajecké Teplice,Žilinský,peter.dobes@nrsr.sk,True,Peter Dobeš,https://www.nrsr.sk/web/dynamic/PoslanecPhoto.aspx?PoslanecID=1004&ImageWidth=140,5905,6140,27
779,Ondrej,Dostál,Mgr.,Sloboda a Solidarita,1971-04-05,ukrajinská,,,ondrej.dostal@nrsr.sk,True,Ondrej Dostál,https://www.nrsr.sk/web/dynamic/PoslanecPhoto.aspx?PoslanecID=779&ImageWidth=140,5160,5587,35
1005,Lucia,Drábiková,"Mgr., PhD.","OBYČAJNÍ ĽUDIA a nezávislé osobnosti (OĽANO), NOVA, Kresťanská únia (KÚ), ZMENA ZDOLA",1977-06-12,slovenská,Piešťany,Trnavský,lucia.drabikova@nrsr.sk,True,Lucia Drábiková,https://www.nrsr.sk/web/dynamic/PoslanecPhoto.aspx?PoslanecID=1005&ImageWidth=140,5690,6136,46
1006,Dominik,Drdul,Bc.,"OBYČAJNÍ ĽUDIA a nezávislé osobnosti (OĽANO), NOVA, Kresťanská únia (KÚ), ZMENA ZDOLA",1997-11-28,slovenská,Trnava,Trnavský,dominik.drdul@nrsr.sk,True,Dominik Drdul,https://www.nrsr.sk/web/dynamic/PoslanecPhoto.aspx?PoslanecID=1006&ImageWidth=140,5106,6146,20
1007,Ondrej,Ďurica,,Kotlebovci - Ľudová strana Naše Slovensko,1978-02-05,slovenská,Nitra,Nitriansky,ondrej.durica@nrsr.sk,True,Ondrej Ďurica,https://www.nrsr.sk/web/dynamic/PoslanecPhoto.aspx?PoslanecID=1007&ImageWidth=140,5130,6148,11
36,Vladimír,Faič,RSDr.,SMER – sociálna demokracia,1948-07-15,slovenská,Prašice,Nitriansky,vladimir.faic@nrsr.sk,True,Vladimír Faič,https://www.nrsr.sk/web/dynamic/PoslanecPhoto.aspx?PoslanecID=36&ImageWidth=140,4666,6153,14
783,Martin,Fecko,Ing.,"OBYČAJNÍ ĽUDIA a nezávislé osobnosti (OĽANO), NOVA, Kresťanská únia (KÚ), ZMENA ZDOLA",1962-10-08,slovenská,,,martin.fecko@nrsr.sk,True,Martin Fecko,https://www.nrsr.sk/web/dynamic/PoslanecPhoto.aspx?PoslanecID=783&ImageWidth=140,3761,4112,22
1008,Ján,Ferenčák,"PhDr. Mgr., MBA",SMER – sociálna demokracia,1974-06-30,slovenská,Kežmarok,Prešovský,jan.ferencak@nrsr.sk,True,Ján Ferenčák,https://www.nrsr.sk/web/dynamic/PoslanecPhoto.aspx?PoslanecID=1008&ImageWidth=140,3977,6127,8
40,Robert,Fico,"doc. JUDr., CSc.",SMER – sociálna demokracia,1964-09-15,slovenská,Bratislava,Bratislavský,robert.fico@nrsr.sk,True,Robert Fico,https://www.nrsr.sk/web/dynamic/PoslanecPhoto.aspx?PoslanecID=40&ImageWidth=140,4156,6153,22
966,Karol,Galek,"RNDr., MSc.",Sloboda a Solidarita,1979-07-14,slovenská,Svit,Prešovský,karol_galek@nrsr.sk,True,Karol Galek,https://www.nrsr.sk/web/dynamic/PoslanecPhoto.aspx?PoslanecID=966&ImageWidth=140,1990,2132,7
656,Dušan,Galis,Mgr.,SMER – sociálna demokracia,1949-11-24,slovenská,Bratislava,Bratislavský,dusan.galis@nrsr.sk,True,Dušan Galis,https://www.nrsr.sk/web/dynamic/PoslanecPhoto.aspx?PoslanecID=656&ImageWidth=140,5000,6112,8
927,Ľudovít,Goga,Ing.,SME RODINA,1969-02-05,slovenská,Bratislava,Bratislavský,ludovit.goga@nrsr.sk,True,Ľudovít Goga,https://www.nrsr.sk/web/dynamic/PoslanecPhoto.aspx?PoslanecID=927&ImageWidth=140,5426,6153,11
738,Pavol,Goga,PaedDr.,SMER – sociálna demokracia,1963-06-24,slovenská,Topoľčany,Nitriansky,pavol_goga@nrsr.sk,False,Pavol Goga,https://www.nrsr.sk/web/dynamic/PoslanecPhoto.aspx?PoslanecID=738&ImageWidth=140,14,19,2
910,Gábor,Grendel,Mgr.,"OBYČAJNÍ ĽUDIA a nezávislé osobnosti (OĽANO), NOVA, Kresťanská únia (KÚ), ZMENA ZDOLA",1980-07-15,maďarská,Bratislava,Bratislavský,gabor.grendel@nrsr.sk,True,Gábor Grendel,https://www.nrsr.sk/web/dynamic/PoslanecPhoto.aspx?PoslanecID=910&ImageWidth=140,5460,6140,19
971,Branislav,Gröhling,Mgr.,Sloboda a Solidarita,1974-04-06,slovenská,Bratislava,Bratislavský,branislav.grohling@nrsr.sk,True,Branislav Gröhling,https://www.nrsr.sk/web/dynamic/PoslanecPhoto.aspx?PoslanecID=971&ImageWidth=140,2006,2392,5
1009,Jozef,Habánik,"doc. Ing., PhD.",SMER – sociálna demokracia,1976-03-07,slovenská,Trenčín,Trenčiansky,jozef.habanik@nrsr.sk,True,Jozef Habánik,https://www.nrsr.sk/web/dynamic/PoslanecPhoto.aspx?PoslanecID=1009&ImageWidth=140,4411,6116,15
1010,Petra,Hajšelová,JUDr.,SME RODINA,1982-11-20,slovenská,Prievidza,Trenčiansky,petra.hajselova@nrsr.sk,True,Petra Hajšelová,https://www.nrsr.sk/web/dynamic/PoslanecPhoto.aspx?PoslanecID=1010&ImageWidth=140,5669,6153,26
1011,Róbert,Halák,,"OBYČAJNÍ ĽUDIA a nezávislé osobnosti (OĽANO), NOVA, Kresťanská únia (KÚ), ZMENA ZDOLA",1977-09-04,slovenská,Rovinka,Bratislavský,robert.halak@nrsr.sk,True,Róbert Halák,https://www.nrsr.sk/web/dynamic/PoslanecPhoto.aspx?PoslanecID=1011&ImageWidth=140,5702,6131,7
1084,Jarmila,Halgašová,Ing.,Sloboda a Solidarita,1963-04-23,slovenská,Bratislava,Bratislavský,jarmila.halgasova@nrsr.sk,True,Jarmila Halgašová,https://www.nrsr.sk/web/dynamic/PoslanecPhoto.aspx?PoslanecID=1084&ImageWidth=140,5518,6140,42
874,Augustín,Hambálek,Ing.,SMER – sociálna demokracia,1957-07-16,slovenská,Trnava,Trnavský kraj,augustin_hambalek@nrsr.sk,True,Augustín Hambálek,https://www.nrsr.sk/web/dynamic/PoslanecPhoto.aspx?PoslanecID=874&ImageWidth=140,4325,4802,8
1012,Katarína,Hatráková,PhDr.,"OBYČAJNÍ ĽUDIA a nezávislé osobnosti (OĽANO), NOVA, Kresťanská únia (KÚ), ZMENA ZDOLA",1974-12-13,slovenská,Bratislava,Bratislavský,katarina.hatrakova@nrsr.sk,True,Katarína Hatráková,https://www.nrsr.sk/web/dynamic/PoslanecPhoto.aspx?PoslanecID=1012&ImageWidth=140,5347,6147,30
1013,Marek,Hattas,,ZA ĽUDÍ,1987-03-01,slovenská,Nitra,Nitriansky,marek.hattas@nrsr.sk,True,Marek Hattas,https://www.nrsr.sk/web/dynamic/PoslanecPhoto.aspx?PoslanecID=1013&ImageWidth=140,3533,6141,8
909,Eduard,Heger,Ing.,"OBYČAJNÍ ĽUDIA a nezávislé osobnosti (OĽANO), NOVA, Kresťanská únia (KÚ), ZMENA ZDOLA",1976-05-03,slovenská,Bratislava,Bratislavský,eduard.heger@nrsr.sk,True,Eduard Heger,https://www.nrsr.sk/web/dynamic/PoslanecPhoto.aspx?PoslanecID=909&ImageWidth=140,509,579,0
1014,Ján,Herák,Mgr. PhDr.,"OBYČAJNÍ ĽUDIA a nezávislé osobnosti (OĽANO), NOVA, Kresťanská únia (KÚ), ZMENA ZDOLA",1988-03-01,rómska,Považská Bystrica,Trenčiansky,jan.herak@nrsr.sk,False,Ján Herák,https://www.nrsr.sk/web/dynamic/PoslanecPhoto.aspx?PoslanecID=1014&ImageWidth=140,1416,1893,4
1015,Štefan,Holý,Mgr.,SME RODINA,1978-12-11,slovenská,Trnava,Trnavský,stefan.holy@nrsr.sk,True,Štefan Holý,https://www.nrsr.sk/web/dynamic/PoslanecPhoto.aspx?PoslanecID=1015&ImageWidth=140,492,579,0
860,Eva,Horváthová,"prof. MUDr., PhD., MPH","OBYČAJNÍ ĽUDIA a nezávislé osobnosti (OĽANO), NOVA, Kresťanská únia (KÚ), ZMENA ZDOLA",1974-12-29,slovenská,Bratislava,Bratislavský kraj,eva.horvathova@nrsr.sk,True,Eva Horváthová,https://www.nrsr.sk/web/dynamic/PoslanecPhoto.aspx?PoslanecID=860&ImageWidth=140,5351,6153,7
1016,Igor,Hus,Mgr.,"OBYČAJNÍ ĽUDIA a nezávislé osobnosti (OĽANO), NOVA, Kresťanská únia (KÚ), ZMENA ZDOLA",1968-11-22,slovenská,Turčianske Teplice,Žilinský,igor.hus@nrsr.sk,True,Igor Hus,https://www.nrsr.sk/web/dynamic/PoslanecPhoto.aspx?PoslanecID=1016&ImageWidth=140,5731,6149,11
818,Mária,Janíková,PhDr.,SMER – sociálna demokracia,1970-11-18,slovenská,Partizánske,Trenčiansky,maria_janikova@nrsr.sk,False,Mária Janíková,https://www.nrsr.sk/web/dynamic/PoslanecPhoto.aspx?PoslanecID=818&ImageWidth=140,12,19,0
1086,Vladimír,Jánošík,Ing.,SMER – sociálna demokracia,1966-01-06,slovenská,Lipany,Prešovský,,False,Vladimír Jánošík,https://www.nrsr.sk/web/dynamic/PoslanecPhoto.aspx?PoslanecID=1086&ImageWidth=140,19,19,0
61,Dušan,Jarjabek,doc. Mgr. art.,SMER – sociálna demokracia,1953-03-04,slovenská,Bratislava,Bratislavský,dusan.jarjabek@nrsr.sk,True,Dušan Jarjabek,https://www.nrsr.sk/web/dynamic/PoslanecPhoto.aspx?PoslanecID=61&ImageWidth=140,5352,6134,16
1017,Jaroslav,Karahuta,MVDr.,SME RODINA,1961-05-15,slovenská,Vyšná Šebastová,Prešovský,jaroslav.karahuta@nrsr.sk,True,Jaroslav Karahuta,https://www.nrsr.sk/web/dynamic/PoslanecPhoto.aspx?PoslanecID=1017&ImageWidth=140,5595,6153,26
1018,Igor,Kašper,Ing.,SME RODINA,1980-02-28,slovenská,Banská Bystrica,Banskobystrický,igor.kasper@nrsr.sk,True,Igor Kašper,https://www.nrsr.sk/web/dynamic/PoslanecPhoto.aspx?PoslanecID=1018&ImageWidth=140,5486,6153,24
1020,Monika,Kavecká,"Mgr., MHA, MPH","OBYČAJNÍ ĽUDIA a nezávislé osobnosti (OĽANO), NOVA, Kresťanská únia (KÚ), ZMENA ZDOLA",1973-04-11,slovenská,Kunerad,Žilinský,monika.kavecka@nrsr.sk,True,Monika Kavecká,https://www.nrsr.sk/web/dynamic/PoslanecPhoto.aspx?PoslanecID=1020&ImageWidth=140,5746,6153,27
1021,Ján,Kerekréti,,"OBYČAJNÍ ĽUDIA a nezávislé osobnosti (OĽANO), NOVA, Kresťanská únia (KÚ), ZMENA ZDOLA",1943-10-25,slovenská,Bratislava,Bratislavský,jan.kerekreti@nrsr.sk,True,Ján Kerekréti,https://www.nrsr.sk/web/dynamic/PoslanecPhoto.aspx?PoslanecID=1021&ImageWidth=140,4309,6145,15
873,Marián,Kéry,Mgr.,SMER – sociálna demokracia,1978-02-06,slovenská,Červený Hrádok,Nitriansky kraj,marian.kery@nrsr.sk,True,Marián Kéry,https://www.nrsr.sk/web/dynamic/PoslanecPhoto.aspx?PoslanecID=873&ImageWidth=140,5480,6136,8
963,Martin,Klus,"doc. PhDr., PhD., MBA",Sloboda a Solidarita,1980-06-08,slovenská,Banská Bystrica,Banskobystrický,martin.klus@nrsr.sk,True,Martin Klus,https://www.nrsr.sk/web/dynamic/PoslanecPhoto.aspx?PoslanecID=963&ImageWidth=140,1358,2132,0
1023,Peter,Kmec,JUDr.,SMER – sociálna demokracia,1966-11-11,slovenská,Senec,Bratislavský,peter.kmec@nrsr.sk,True,Peter Kmec,https://www.nrsr.sk/web/dynamic/PoslanecPhoto.aspx?PoslanecID=1023&ImageWidth=140,4446,6153,3
1024,Eduard,Kočiš,PhDr.,Kotlebovci - Ľudová strana Naše Slovensko,1982-05-10,slovenská,Stropkov,Prešovský,eduard.kocis@nrsr.sk,True,Eduard Kočiš,https://www.nrsr.sk/web/dynamic/PoslanecPhoto.aspx?PoslanecID=1024&ImageWidth=140,5421,6148,11
1025,Mária,Kolíková,Mgr.,ZA ĽUDÍ,1974-08-29,slovenská,Bratislava,Bratislavský,maria.kolikova@nrsr.sk,True,Mária Kolíková,https://www.nrsr.sk/web/dynamic/PoslanecPhoto.aspx?PoslanecID=1025&ImageWidth=140,2229,2392,10
917,Boris,Kollár,,SME RODINA,1965-08-14,slovenská,Bratislava,Bratislavský,boris.kollar@nrsr.sk,True,Boris Kollár,https://www.nrsr.sk/web/dynamic/PoslanecPhoto.aspx?PoslanecID=917&ImageWidth=140,4994,6149,15
1026,Miroslav,Kollár,Ing.,ZA ĽUDÍ,1969-08-13,slovenská,Hlohovec,Trnavský,miroslav.kollar@nrsr.sk,True,Miroslav Kollár,https://www.nrsr.sk/web/dynamic/PoslanecPhoto.aspx?PoslanecID=1026&ImageWidth=140,4614,6153,11
275,Maroš,Kondrót,Ing.,SMER – sociálna demokracia,1960-11-06,slovenská,Bratislava,Bratislavský,maros.kondrot@nrsr.sk,True,Maroš Kondrót,https://www.nrsr.sk/web/dynamic/PoslanecPhoto.aspx?PoslanecID=275&ImageWidth=140,5328,6153,8
1027,Marek,Kotleba,Mgr.,Kotlebovci - Ľudová strana Naše Slovensko,1983-04-10,slovenská,Banská Bystrica,Banskobystrický,marek.kotleba@nrsr.sk,True,Marek Kotleba,https://www.nrsr.sk/web/dynamic/PoslanecPhoto.aspx?PoslanecID=1027&ImageWidth=140,4211,6150,22
944,Marian,Kotleba,Ing. Mgr.,Kotlebovci - Ľudová strana Naše Slovensko,1977-04-07,slovenská,Banská Bystrica,Banskobystrický,marian.kotleba@nrsr.sk,False,Marian Kotleba,https://www.nrsr.sk/web/dynamic/PoslanecPhoto.aspx?PoslanecID=944&ImageWidth=140,1873,3403,48
1028,Monika,Kozelová,Mgr.,"OBYČAJNÍ ĽUDIA a nezávislé osobnosti (OĽANO), NOVA, Kresťanská únia (KÚ), ZMENA ZDOLA",1961-03-24,slovenská,Bratislava,Bratislavský,monika.kozelova@nrsr.sk,True,Monika Kozelová,https://www.nrsr.sk/web/dynamic/PoslanecPhoto.aspx?PoslanecID=1028&ImageWidth=140,5788,6149,43
907,Marek,Krajčí,MUDr.,"OBYČAJNÍ ĽUDIA a nezávislé osobnosti (OĽANO), NOVA, Kresťanská únia (KÚ), ZMENA ZDOLA",1974-03-24,slovenská,Bratislava,Bratislavský,marek.krajci@nrsr.sk,True,Marek Krajčí,https://www.nrsr.sk/web/dynamic/PoslanecPhoto.aspx?PoslanecID=907&ImageWidth=140,4432,4795,21
1029,Ľuboš,Krajčír,PhDr.,SME RODINA,1986-09-02,slovenská,Bratislava,Bratislavský,lubos.krajcir@nrsr.sk,True,Ľuboš Krajčír,https://www.nrsr.sk/web/dynamic/PoslanecPhoto.aspx?PoslanecID=1029&ImageWidth=140,5618,6137,25
920,Milan,Krajniak,Bc.,SME RODINA,1973-01-30,slovenská,Bratislava,Bratislavský,milan.krajniak@nrsr.sk,True,Milan Krajniak,https://www.nrsr.sk/web/dynamic/PoslanecPhoto.aspx?PoslanecID=920&ImageWidth=140,707,761,2
1030,Peter,Kremský,Mgr.,"OBYČAJNÍ ĽUDIA a nezávislé osobnosti (OĽANO), NOVA, Kresťanská únia (KÚ), ZMENA ZDOLA",1968-07-14,slovenská,Pezinok,Bratislavský,peter.kremsky@nrsr.sk,True,Peter Kremský,https://www.nrsr.sk/web/dynamic/PoslanecPhoto.aspx?PoslanecID=1030&ImageWidth=140,5161,6147,64
922,Petra,Krištúfková,Bc.,SME RODINA,1977-04-08,slovenská,Bratislava,Bratislavský,petra.kristufkova@nrsr.sk,True,Petra Krištúfková,https://www.nrsr.sk/web/dynamic/PoslanecPhoto.aspx?PoslanecID=922&ImageWidth=140,5309,6153,24
1031,Ján,Krošlák,,"OBYČAJNÍ ĽUDIA a nezávislé osobnosti (OĽANO), NOVA, Kresťanská únia (KÚ), ZMENA ZDOLA",1974-10-17,slovenská,Bratislava,Bratislavský,jan.kroslak@nrsr.sk,True,Ján Krošlák,https://www.nrsr.sk/web/dynamic/PoslanecPhoto.aspx?PoslanecID=1031&ImageWidth=140,5066,6153,7
1032,Juraj,Krúpa,PhDr.,"OBYČAJNÍ ĽUDIA a nezávislé osobnosti (OĽANO), NOVA, Kresťanská únia (KÚ), ZMENA ZDOLA",1976-12-28,slovenská,Bratislava,Bratislavský,juraj.krupa@nrsr.sk,True,Juraj Krúpa,https://www.nrsr.sk/web/dynamic/PoslanecPhoto.aspx?PoslanecID=1032&ImageWidth=140,5574,6145,20
955,Peter,Krupa,,Kotlebovci - Ľudová strana Naše Slovensko,1980-10-02,slovenská,Nová Dubnica,Trenčiansky,peter.krupa@nrsr.sk,True,Peter Krupa,https://www.nrsr.sk/web/dynamic/PoslanecPhoto.aspx?PoslanecID=955&ImageWidth=140,4535,6150,18
668,Stanislav,Kubánek,Ing.,SMER – sociálna demokracia,1951-09-13,slovenská,Prešov,Prešovský,stanislav.kubanek@nrsr.sk,True,Stanislav Kubánek,https://www.nrsr.sk/web/dynamic/PoslanecPhoto.aspx?PoslanecID=668&ImageWidth=140,4786,6139,8
1033,Karol,Kučera,,"OBYČAJNÍ ĽUDIA a nezávislé osobnosti (OĽANO), NOVA, Kresťanská únia (KÚ), ZMENA ZDOLA",1974-03-04,slovenská,Bratislava,Bratislavský,karol.kucera@nrsr.sk,True,Karol Kučera,https://www.nrsr.sk/web/dynamic/PoslanecPhoto.aspx?PoslanecID=1033&ImageWidth=140,5811,6135,30
1034,Filip,Kuffa,Ing. et Ing.,Kotlebovci - Ľudová strana Naše Slovensko,1987-10-03,slovenská,Kežmarok,Prešovský,filip.kuffa@nrsr.sk,True,Filip Kuffa,https://www.nrsr.sk/web/dynamic/PoslanecPhoto.aspx?PoslanecID=1034&ImageWidth=140,4020,6153,34
858,Štefan,Kuffa,PhDr.,Kotlebovci - Ľudová strana Naše Slovensko,1961-12-31,slovenská,Kežmarok,Prešovský kraj,stefan.kuffa@nrsr.sk,True,Štefan Kuffa,https://www.nrsr.sk/web/dynamic/PoslanecPhoto.aspx?PoslanecID=858&ImageWidth=140,3830,6127,32
1035,Milan,Kuriak,,"OBYČAJNÍ ĽUDIA a nezávislé osobnosti (OĽANO), NOVA, Kresťanská únia (KÚ), ZMENA ZDOLA",1970-07-31,slovenská,Tvrdošín,Žilinský,milan.kuriak@nrsr.sk,True,Milan Kuriak,https://www.nrsr.sk/web/dynamic/PoslanecPhoto.aspx?PoslanecID=1035&ImageWidth=140,5435,6149,64
671,Ján,Kvorka,,SMER – sociálna demokracia,1955-01-28,slovenská,Blatnica,Žilinský,jan_kvorka@nrsr.sk,False,Ján Kvorka,https://www.nrsr.sk/web/dynamic/PoslanecPhoto.aspx?PoslanecID=671&ImageWidth=140,18,19,0
1036,Lukáš,Kyselica,Mgr.,"OBYČAJNÍ ĽUDIA a nezávislé osobnosti (OĽANO), NOVA, Kresťanská únia (KÚ), ZMENA ZDOLA",1977-08-13,slovenská,Nové Zámky,Nitriansky,lukas.kyselica@nrsr.sk,True,Lukáš Kyselica,https://www.nrsr.sk/web/dynamic/PoslanecPhoto.aspx?PoslanecID=1036&ImageWidth=140,5353,5758,56
1037,Vladimír,Ledecký,PhDr.,ZA ĽUDÍ,1966-02-14,slovenská,Spišský Hrhov,Prešovský,vladimir.ledecky@nrsr.sk,True,Vladimír Ledecký,https://www.nrsr.sk/web/dynamic/PoslanecPhoto.aspx?PoslanecID=1037&ImageWidth=140,4410,4844,26
1085,Tomáš,Lehotský,Ing.,ZA ĽUDÍ,1980-01-16,slovenská,Poprad,Prešovský,tomas.lehotsky@nrsr.sk,True,Tomáš Lehotský,https://www.nrsr.sk/web/dynamic/PoslanecPhoto.aspx?PoslanecID=1085&ImageWidth=140,5591,6149,38
1038,Peter,Liba,Mgr.,"OBYČAJNÍ ĽUDIA a nezávislé osobnosti (OĽANO), NOVA, Kresťanská únia (KÚ), ZMENA ZDOLA",1980-10-01,slovenská,Košice,Košický,peter.liba@nrsr.sk,True,Peter Liba,https://www.nrsr.sk/web/dynamic/PoslanecPhoto.aspx?PoslanecID=1038&ImageWidth=140,5184,6146,42
1039,Patrick,Linhart,BSc.,SME RODINA,1977-02-15,slovenská,Košice,Košický,patrick.linhart@nrsr.sk,True,Patrick Linhart,https://www.nrsr.sk/web/dynamic/PoslanecPhoto.aspx?PoslanecID=1039&ImageWidth=140,4303,6153,7
1040,Michal,Luciak,Mgr.,ZA ĽUDÍ,1980-01-27,slovenská,Bratislava,Bratislavský,michal.luciak@nrsr.sk,False,Michal Luciak,https://www.nrsr.sk/web/dynamic/PoslanecPhoto.aspx?PoslanecID=1040&ImageWidth=140,3342,3760,8
912,Jozef,Lukáč,PhDr.,SME RODINA,1974-01-26,slovenská,Záborské,Prešovský,jozef.lukac@nrsr.sk,True,Jozef Lukáč,https://www.nrsr.sk/web/dynamic/PoslanecPhoto.aspx?PoslanecID=912&ImageWidth=140,5459,6153,35
1041,Jana,Majorová Garstková,Mgr.,"OBYČAJNÍ ĽUDIA a nezávislé osobnosti (OĽANO), NOVA, Kresťanská únia (KÚ), ZMENA ZDOLA",1981-06-24,slovenská,Kežmarok,Prešovský,jana.majorova@nrsr.sk,True,Jana Majorová Garstková,https://www.nrsr.sk/web/dynamic/PoslanecPhoto.aspx?PoslanecID=1041&ImageWidth=140,5636,6150,61
1042,Vladimíra,Marcinková,Mgr.,ZA ĽUDÍ,1991-08-17,slovenská,Spišský Hrhov,Prešovský,vladimira.marcinkova@nrsr.sk,True,Vladimíra Marcinková,https://www.nrsr.sk/web/dynamic/PoslanecPhoto.aspx?PoslanecID=1042&ImageWidth=140,3992,6145,35
808,Igor,Matovič,Mgr.,"OBYČAJNÍ ĽUDIA a nezávislé osobnosti (OĽANO), NOVA, Kresťanská únia (KÚ), ZMENA ZDOLA",1973-05-11,slovenská,Trnava,Trnavský,igor.matovic@nrsr.sk,True,Igor Matovič,https://www.nrsr.sk/web/dynamic/PoslanecPhoto.aspx?PoslanecID=808&ImageWidth=140,1166,1382,17
975,Milan,Mazurek,Bc.,Kotlebovci - Ľudová strana Naše Slovensko,1994-01-24,slovenská,Spišská Belá,Prešovský,milan.mazurek@nrsr.sk,True,Milan Mazurek,https://www.nrsr.sk/web/dynamic/PoslanecPhoto.aspx?PoslanecID=975&ImageWidth=140,5271,6151,11
952,Andrej,Medvecký,,Kotlebovci - Ľudová strana Naše Slovensko,1987-12-12,slovenská,Tvrdošín,Žilinský,andrej.medvecky@nrsr.sk,True,Andrej Medvecký,https://www.nrsr.sk/web/dynamic/PoslanecPhoto.aspx?PoslanecID=952&ImageWidth=140,3485,6140,10
863,Ján,Mičovský,"Ing., CSc.","OBYČAJNÍ ĽUDIA a nezávislé osobnosti (OĽANO), NOVA, Kresťanská únia (KÚ), ZMENA ZDOLA",1954-12-26,slovenská,Humenné,Prešovský kraj,jan.micovsky@nrsr.sk,True,Ján Mičovský,https://www.nrsr.sk/web/dynamic/PoslanecPhoto.aspx?PoslanecID=863&ImageWidth=140,3342,4345,7
1043,Anna,Mierna,Ing.,"OBYČAJNÍ ĽUDIA a nezávislé osobnosti (OĽANO), NOVA, Kresťanská únia (KÚ), ZMENA ZDOLA",1965-06-27,slovenská,Skalica,Trnavský,anna.mierna@nrsr.sk,True,Anna Mierna,https://www.nrsr.sk/web/dynamic/PoslanecPhoto.aspx?PoslanecID=1043&ImageWidth=140,5720,6145,19
1044,Marcel,Mihalik,PaedDr. Ing,"OBYČAJNÍ ĽUDIA a nezávislé osobnosti (OĽANO), NOVA, Kresťanská únia (KÚ), ZMENA ZDOLA",1965-04-13,slovenská,Piešťany,Trnavský,marcel.mihalik@nrsr.sk,True,Marcel Mihalik,https://www.nrsr.sk/web/dynamic/PoslanecPhoto.aspx?PoslanecID=1044&ImageWidth=140,5768,6151,31
1046,Roman,Mikulec,Ing.,"OBYČAJNÍ ĽUDIA a nezávislé osobnosti (OĽANO), NOVA, Kresťanská únia (KÚ), ZMENA ZDOLA",1972-03-18,slovenská,Bratislava,Bratislavský,roman.mikulec@nrsr.sk,True,Roman Mikulec,https://www.nrsr.sk/web/dynamic/PoslanecPhoto.aspx?PoslanecID=1046&ImageWidth=140,537,579,0
954,Stanislav,Mizík,Mgr.,Kotlebovci - Ľudová strana Naše Slovensko,1963-11-11,slovenská,Rovné,Banskobystrický,stanislav.mizik@nrsr.sk,True,Stanislav Mizík,https://www.nrsr.sk/web/dynamic/PoslanecPhoto.aspx?PoslanecID=954&ImageWidth=140,4270,6145,23
322,Dušan,Muňko,Ing.,SMER – sociálna demokracia,1944-09-24,slovenská,Bratislava,Bratislavský,dusan.munko@nrsr.sk,True,Dušan Muňko,https://www.nrsr.sk/web/dynamic/PoslanecPhoto.aspx?PoslanecID=322&ImageWidth=140,4857,6131,8
1047,Jaroslav,Naď,"PhDr., PhD.","OBYČAJNÍ ĽUDIA a nezávislé osobnosti (OĽANO), NOVA, Kresťanská únia (KÚ), ZMENA ZDOLA",1981-03-21,slovenská,Hrubá Borša,Bratislavský,jaroslav.nad@nrsr.sk,True,Jaroslav Naď,https://www.nrsr.sk/web/dynamic/PoslanecPhoto.aspx?PoslanecID=1047&ImageWidth=140,398,579,1
1048,Erik,Ňarjaš,,"OBYČAJNÍ ĽUDIA a nezávislé osobnosti (OĽANO), NOVA, Kresťanská únia (KÚ), ZMENA ZDOLA",1985-05-28,slovenská,Slivník,Košický,erik.narjas@nrsr.sk,True,Erik Ňarjaš,https://www.nrsr.sk/web/dynamic/PoslanecPhoto.aspx?PoslanecID=1048&ImageWidth=140,3624,6147,8
974,Martin,Nemky,"Ing., MBA",SMER – sociálna demokracia,1980-03-10,slovenská,Nitra,Nitriansky,martin.nemky@nrsr.sk,True,Martin Nemky,https://www.nrsr.sk/web/dynamic/PoslanecPhoto.aspx?PoslanecID=974&ImageWidth=140,4007,6132,10
814,Branislav,Ondruš,Mgr.,SMER – sociálna demokracia,1973-03-28,slovenská,,,branislav_ondrus@nrsr.sk,False,Branislav Ondruš,https://www.nrsr.sk/web/dynamic/PoslanecPhoto.aspx?PoslanecID=814&ImageWidth=140,19,19,0
1049,Ján,Oravec,"PhDr., CSc.",Sloboda a Solidarita,1964-06-06,slovenská,Cerová,Trnavský,jan.oravec@nrsr.sk,True,Ján Oravec,https://www.nrsr.sk/web/dynamic/PoslanecPhoto.aspx?PoslanecID=1049&ImageWidth=140,1984,2132,6
100,Peter,Osuský,"MUDr., CSc.",Sloboda a Solidarita,1953-10-11,slovenská,Bratislava,Bratislavský,peter.osusky@nrsr.sk,True,Peter Osuský,https://www.nrsr.sk/web/dynamic/PoslanecPhoto.aspx?PoslanecID=100&ImageWidth=140,5318,6149,24
928,Adriana,Pčolinská,"doc. PaedDr. , PhD.",SME RODINA,1978-08-07,slovenská,Bratislava,Bratislavský,adriana.pcolinska@nrsr.sk,True,Adriana Pčolinská,https://www.nrsr.sk/web/dynamic/PoslanecPhoto.aspx?PoslanecID=928&ImageWidth=140,5255,6153,10
923,Peter,Pčolinský,Mgr.,SME RODINA,1982-04-06,slovenská,Nižný Hrabovec,Prešovský,peter.pcolinsky@nrsr.sk,True,Peter Pčolinský,https://www.nrsr.sk/web/dynamic/PoslanecPhoto.aspx?PoslanecID=923&ImageWidth=140,5512,6153,22
1050,Monika,Péter,JUDr.,SME RODINA,1979-12-13,slovenská,Košice,Košický,monika.peter@nrsr.sk,True,Monika Péter,https://www.nrsr.sk/web/dynamic/PoslanecPhoto.aspx?PoslanecID=1050&ImageWidth=140,5781,6153,14
683,Ľubomír,Petrák,"Ing., CSc.",SMER – sociálna demokracia,1961-08-06,slovenská,Hurbanova Ves,Bratislavský,lubomir.petrak@nrsr.sk,False,Ľubomír Petrák,https://www.nrsr.sk/web/dynamic/PoslanecPhoto.aspx?PoslanecID=683&ImageWidth=140,817,1360,0
1051,Zita,Pleštinská,Ing. arch.,"OBYČAJNÍ ĽUDIA a nezávislé osobnosti (OĽANO), NOVA, Kresťanská únia (KÚ), ZMENA ZDOLA",1961-06-13,slovenská,Chmeľnica,Prešovský,zita.plestinska@nrsr.sk,True,Zita Pleštinská,https://www.nrsr.sk/web/dynamic/PoslanecPhoto.aspx?PoslanecID=1051&ImageWidth=140,5752,6141,28
685,Ján,Podmanický,"JUDr. PhDr., PhD.",SMER – sociálna demokracia,1977-05-17,slovenská,Stará Bystrica,Žilinský,jan.podmanicky@nrsr.sk,True,Ján Podmanický,https://www.nrsr.sk/web/dynamic/PoslanecPhoto.aspx?PoslanecID=685&ImageWidth=140,4381,6147,15
1088,Peter,Pollák,Mgr.,"OBYČAJNÍ ĽUDIA a nezávislé osobnosti (OĽANO), NOVA, Kresťanská únia (KÚ), ZMENA ZDOLA",1991-06-25,rómska,Levoča,Prešovský,peter.pollak@nrsr.sk,True,Peter Pollák,https://www.nrsr.sk/web/dynamic/PoslanecPhoto.aspx?PoslanecID=1088&ImageWidth=140,5660,6138,22
1053,Milan,Potocký,,"OBYČAJNÍ ĽUDIA a nezávislé osobnosti (OĽANO), NOVA, Kresťanská únia (KÚ), ZMENA ZDOLA",1976-01-27,slovenská,Michalovce,Košický,milan.potocky@nrsr.sk,True,Milan Potocký,https://www.nrsr.sk/web/dynamic/PoslanecPhoto.aspx?PoslanecID=1053&ImageWidth=140,5950,6147,22
1054,Jozef,Pročko,Mgr.,"OBYČAJNÍ ĽUDIA a nezávislé osobnosti (OĽANO), NOVA, Kresťanská únia (KÚ), ZMENA ZDOLA",1965-03-13,slovenská,Halič,Banskobystrický,jozef.procko@nrsr.sk,True,Jozef Pročko,https://www.nrsr.sk/web/dynamic/PoslanecPhoto.aspx?PoslanecID=1054&ImageWidth=140,5564,6151,37
879,Róbert,Puci,Ing.,SMER – sociálna demokracia,1973-06-13,slovenská,Trebišov,Košický kraj,robert.puci@nrsr.sk,True,Róbert Puci,https://www.nrsr.sk/web/dynamic/PoslanecPhoto.aspx?PoslanecID=879&ImageWidth=140,4524,6153,7
1055,Anna,Remiášová,,"OBYČAJNÍ ĽUDIA a nezávislé osobnosti (OĽANO), NOVA, Kresťanská únia (KÚ), ZMENA ZDOLA",1949-06-02,slovenská,Bratislava,Bratislavský,anna.remiasova@nrsr.sk,True,Anna Remiášová,https://www.nrsr.sk/web/dynamic/PoslanecPhoto.aspx?PoslanecID=1055&ImageWidth=140,5574,6151,17
905,Veronika,Remišová,"Mgr. art., M.A., ArtD.",ZA ĽUDÍ,1976-05-31,slovenská,Bratislava,Bratislavský,veronika.remisova@nrsr.sk,True,Veronika Remišová,https://www.nrsr.sk/web/dynamic/PoslanecPhoto.aspx?PoslanecID=905&ImageWidth=140,388,579,0
762,Marián,Saloň,"Ing., PhD.",SMER – sociálna demokracia,1977-06-09,slovenská,Stará Ľubovňa,Prešovský,marian.salon@nrsr.sk,True,Marián Saloň,https://www.nrsr.sk/web/dynamic/PoslanecPhoto.aspx?PoslanecID=762&ImageWidth=140,5008,6136,13
945,Rastislav,Schlosár,JUDr.,Kotlebovci - Ľudová strana Naše Slovensko,1984-05-28,slovenská,Bacúrov,Banskobystrický,rastislav.schlosar@nrsr.sk,True,Rastislav Schlosár,https://www.nrsr.sk/web/dynamic/PoslanecPhoto.aspx?PoslanecID=945&ImageWidth=140,4457,6132,61
1056,Andrej,Stančík,Mgr.,"OBYČAJNÍ ĽUDIA a nezávislé osobnosti (OĽANO), NOVA, Kresťanská únia (KÚ), ZMENA ZDOLA",1995-06-01,slovenská,Piešťany,Trnavský,andrej.stancik@nrsr.sk,True,Andrej Stančík,https://www.nrsr.sk/web/dynamic/PoslanecPhoto.aspx?PoslanecID=1056&ImageWidth=140,4263,4539,8
1058,Anton,Stredák,PaedDr.,SMER – sociálna demokracia,1963-07-24,slovenská,Nitra,Nitriansky,anton.stredak@nrsr.sk,True,Anton Stredák,https://www.nrsr.sk/web/dynamic/PoslanecPhoto.aspx?PoslanecID=1058&ImageWidth=140,5546,6151,9
1083,Miroslav,Suja,PaedDr. Mgr.,Kotlebovci - Ľudová strana Naše Slovensko,1976-04-07,slovenská,Detva,Banskobystrický,miroslav.suja@nrsr.sk,True,Miroslav Suja,https://www.nrsr.sk/web/dynamic/PoslanecPhoto.aspx?PoslanecID=1083&ImageWidth=140,4598,6138,24
1059,Magdaléna,Sulanová,Ing.,Kotlebovci - Ľudová strana Naše Slovensko,1952-09-25,slovenská,Bratislava,Bratislavský,magdalena.sulanova@nrsr.sk,True,Magdaléna Sulanová,https://www.nrsr.sk/web/dynamic/PoslanecPhoto.aspx?PoslanecID=1059&ImageWidth=140,5107,6142,19
767,Richard,Sulík,Ing.,Sloboda a Solidarita,1968-01-12,slovenská,Bratislava,Bratislavský,richard.sulik@nrsr.sk,True,Richard Sulík,https://www.nrsr.sk/web/dynamic/PoslanecPhoto.aspx?PoslanecID=767&ImageWidth=140,2049,2392,3
877,Boris,Susko,"JUDr., PhD.",SMER – sociálna demokracia,1970-05-26,slovenská,Ivanka pri Dunaji,Bratislavský kraj,boris.susko@nrsr.sk,True,Boris Susko,https://www.nrsr.sk/web/dynamic/PoslanecPhoto.aspx?PoslanecID=877&ImageWidth=140,4948,6151,13
1087,Zdenko,Svoboda,"Mgr., MBA",SMER – sociálna demokracia,1982-06-23,slovenská,Nitra,Nitriansky,,False,Zdenko Svoboda,https://www.nrsr.sk/web/dynamic/PoslanecPhoto.aspx?PoslanecID=1087&ImageWidth=140,19,19,0
1060,Miloš,Svrček,"JUDr. Mgr., PhD., LL.M.",SME RODINA,1983-06-03,slovenská,Michalovce,Košický,milos.svrcek@nrsr.sk,True,Miloš Svrček,https://www.nrsr.sk/web/dynamic/PoslanecPhoto.aspx?PoslanecID=1060&ImageWidth=140,5786,6153,89
1061,Ján,Szőllős,"RNDr. Mgr., CSc.","OBYČAJNÍ ĽUDIA a nezávislé osobnosti (OĽANO), NOVA, Kresťanská únia (KÚ), ZMENA ZDOLA",1965-05-16,slovenská,Bernolákovo,Bratislavský,jan.szollos@nrsr.sk,True,Ján Szőllős,https://www.nrsr.sk/web/dynamic/PoslanecPhoto.aspx?PoslanecID=1061&ImageWidth=140,5912,6153,29
924,Zuzana,Šebová,Ing.,SME RODINA,1969-03-22,slovenská,Levice,Nitriansky,zuzana.sebova@nrsr.sk,True,Zuzana Šebová,https://www.nrsr.sk/web/dynamic/PoslanecPhoto.aspx?PoslanecID=924&ImageWidth=140,5488,6153,27
1062,Juraj,Šeliga,PhD.,ZA ĽUDÍ,1990-08-16,slovenská,Hruštín,Žilinský,juraj.seliga@nrsr.sk,True,Juraj Šeliga,https://www.nrsr.sk/web/dynamic/PoslanecPhoto.aspx?PoslanecID=1062&ImageWidth=140,4908,6153,29
1063,Jaromír,Šíbl,"RNDr., PhD.","OBYČAJNÍ ĽUDIA a nezávislé osobnosti (OĽANO), NOVA, Kresťanská únia (KÚ), ZMENA ZDOLA",1962-04-29,česká,Bratislava,Bratislavský,jaromir.sibl@nrsr.sk,True,Jaromír Šíbl,https://www.nrsr.sk/web/dynamic/PoslanecPhoto.aspx?PoslanecID=1063&ImageWidth=140,5605,6149,31
1064,Jozef,Šimko,JUDr.,Kotlebovci - Ľudová strana Naše Slovensko,1951-01-22,slovenská,Rimavská Sobota,Banskobystrický,jozef.simko1@nrsr.sk,True,Jozef Šimko,https://www.nrsr.sk/web/dynamic/PoslanecPhoto.aspx?PoslanecID=1064&ImageWidth=140,4534,6145,13
1065,Michal,Šipoš,Mgr.,"OBYČAJNÍ ĽUDIA a nezávislé osobnosti (OĽANO), NOVA, Kresťanská únia (KÚ), ZMENA ZDOLA",1982-01-10,slovenská,Stará Ľubovňa,Prešovský,michal.sipos@nrsr.sk,True,Michal Šipoš,https://www.nrsr.sk/web/dynamic/PoslanecPhoto.aspx?PoslanecID=1065&ImageWidth=140,5873,6153,32
1066,Mária,Šofranko,PaedDr.,"OBYČAJNÍ ĽUDIA a nezávislé osobnosti (OĽANO), NOVA, Kresťanská únia (KÚ), ZMENA ZDOLA",1970-06-30,slovenská,Spišská Nová Ves,Košický,maria.sofranko@nrsr.sk,True,Mária Šofranko,https://www.nrsr.sk/web/dynamic/PoslanecPhoto.aspx?PoslanecID=1066&ImageWidth=140,5580,5985,46
769,Peter,Šuca,PaedDr.,SMER – sociálna demokracia,1968-09-08,slovenská,Nová Lesná,Prešovský,peter.suca@nrsr.sk,True,Peter Šuca,https://www.nrsr.sk/web/dynamic/PoslanecPhoto.aspx?PoslanecID=769&ImageWidth=140,5173,6138,10
1067,Tomáš,Šudík,Bc.,"OBYČAJNÍ ĽUDIA a nezávislé osobnosti (OĽANO), NOVA, Kresťanská únia (KÚ), ZMENA ZDOLA",1996-02-27,slovenská,Humenné,Prešovský,tomas.sudik@nrsr.sk,True,Tomáš Šudík,https://www.nrsr.sk/web/dynamic/PoslanecPhoto.aspx?PoslanecID=1067&ImageWidth=140,5575,6153,42
1069,Matúš,Šutaj Eštok,Mgr.,SMER – sociálna demokracia,1987-02-04,slovenská,Bratislava,Bratislavský,matus.sutaj-estok@nrsr.sk,True,Matúš Šutaj Eštok,https://www.nrsr.sk/web/dynamic/PoslanecPhoto.aspx?PoslanecID=1069&ImageWidth=140,4039,6147,43
1070,Romana,Tabák,Bc.,"OBYČAJNÍ ĽUDIA a nezávislé osobnosti (OĽANO), NOVA, Kresťanská únia (KÚ), ZMENA ZDOLA",1991-05-07,slovenská,Bratislava,Bratislavský,romana.tabak@nrsr.sk,True,Romana Tabák,https://www.nrsr.sk/web/dynamic/PoslanecPhoto.aspx?PoslanecID=1070&ImageWidth=140,5470,6149,18
1071,Richard,Takáč,Ing.,SMER – sociálna demokracia,1982-05-10,slovenská,Prievidza,Trenčiansky,richard.takac@nrsr.sk,True,Richard Takáč,https://www.nrsr.sk/web/dynamic/PoslanecPhoto.aspx?PoslanecID=1071&ImageWidth=140,5423,6151,19
1072,Tomáš,Taraba,Ing. Mgr.,Kotlebovci - Ľudová strana Naše Slovensko,1980-02-13,slovenská,Pezinok,Bratislavský,tomas.taraba@nrsr.sk,True,Tomáš Taraba,https://www.nrsr.sk/web/dynamic/PoslanecPhoto.aspx?PoslanecID=1072&ImageWidth=140,3605,6151,48
940,Erik,Tomáš,Mgr.,SMER – sociálna demokracia,1975-06-15,slovenská,Bratislava,Bratislavský,erik.tomas@nrsr.sk,True,Erik Tomáš,https://www.nrsr.sk/web/dynamic/PoslanecPhoto.aspx?PoslanecID=940&ImageWidth=140,4932,6149,39
1073,Miroslav,Urban,MUDr.,Kotlebovci - Ľudová strana Naše Slovensko,1973-05-01,slovenská,Štiavnička,Žilinský,miroslav.urban@nrsr.sk,True,Miroslav Urban,https://www.nrsr.sk/web/dynamic/PoslanecPhoto.aspx?PoslanecID=1073&ImageWidth=140,4457,6150,8
1075,Tomáš,Valášek,M. A.,ZA ĽUDÍ,1972-06-21,slovenská,Bratislava,Bratislavský,tomas.valasek@nrsr.sk,True,Tomáš Valášek,https://www.nrsr.sk/web/dynamic/PoslanecPhoto.aspx?PoslanecID=1075&ImageWidth=140,5080,6149,39
705,Jozef,Valocký,MUDr.,SMER – sociálna demokracia,1956-11-26,slovenská,Galanta,Trnavský,jozef.valocky@nrsr.sk,True,Jozef Valocký,https://www.nrsr.sk/web/dynamic/PoslanecPhoto.aspx?PoslanecID=705&ImageWidth=140,5046,6143,8
732,Jana,Vaľová,PhDr.,SMER – sociálna demokracia,1965-07-08,slovenská,Humenné,Prešovský,jana.valova@nrsr.sk,True,Jana Vaľová,https://www.nrsr.sk/web/dynamic/PoslanecPhoto.aspx?PoslanecID=732&ImageWidth=140,4342,6151,12
1076,Jarmila,Vaňová,Mgr.,"OBYČAJNÍ ĽUDIA a nezávislé osobnosti (OĽANO), NOVA, Kresťanská únia (KÚ), ZMENA ZDOLA",1965-05-08,rómska,Ďurkov,Košický,jarmila.vanova@nrsr.sk,True,Jarmila Vaňová,https://www.nrsr.sk/web/dynamic/PoslanecPhoto.aspx?PoslanecID=1076&ImageWidth=140,5370,6153,11
861,Richard,Vašečka,Mgr.,"OBYČAJNÍ ĽUDIA a nezávislé osobnosti (OĽANO), NOVA, Kresťanská únia (KÚ), ZMENA ZDOLA",1973-11-03,slovenská,Svederník,Žilinský,richard.vasecka@nrsr.sk,True,Richard Vašečka,https://www.nrsr.sk/web/dynamic/PoslanecPhoto.aspx?PoslanecID=861&ImageWidth=140,5708,6145,28
293,Ľubomír,Vážny,Ing.,SMER – sociálna demokracia,1957-07-15,slovenská,Banská Bystrica,Banskobystrický,lubomir.vazny@nrsr.sk,True,Ľubomír Vážny,https://www.nrsr.sk/web/dynamic/PoslanecPhoto.aspx?PoslanecID=293&ImageWidth=140,5103,6146,8
1078,Milan,Vetrák,"JUDr., PhD.","OBYČAJNÍ ĽUDIA a nezávislé osobnosti (OĽANO), NOVA, Kresťanská únia (KÚ), ZMENA ZDOLA",1975-03-03,slovenská,Bratislava,Bratislavský,milan.vetrak@nrsr.sk,True,Milan Vetrák,https://www.nrsr.sk/web/dynamic/PoslanecPhoto.aspx?PoslanecID=1078&ImageWidth=140,4530,6133,94
991,Marián,Viskupič,RNDr. Ing.,Sloboda a Solidarita,1977-10-18,slovenská,Šúrovce,Trnavský,marian.viskupic@nrsr.sk,True,Marián Viskupič,https://www.nrsr.sk/web/dynamic/PoslanecPhoto.aspx?PoslanecID=991&ImageWidth=140,5589,6149,51
1079,Peter,Vons,PaedDr.,"OBYČAJNÍ ĽUDIA a nezávislé osobnosti (OĽANO), NOVA, Kresťanská únia (KÚ), ZMENA ZDOLA",1958-04-23,slovenská,Martin,Žilinský,peter.vons@nrsr.sk,True,Peter Vons,https://www.nrsr.sk/web/dynamic/PoslanecPhoto.aspx?PoslanecID=1079&ImageWidth=140,5855,6153,39
147,Anna,Záborská,MUDr.,"OBYČAJNÍ ĽUDIA a nezávislé osobnosti (OĽANO), NOVA, Kresťanská únia (KÚ), ZMENA ZDOLA",1948-06-07,slovenská,Bojnice,Trenčiansky,anna.zaborska@nrsr.sk,True,Anna Záborská,https://www.nrsr.sk/web/dynamic/PoslanecPhoto.aspx?PoslanecID=147&ImageWidth=140,5338,6149,26
1019,Viliam,Zahorčák,,SMER – sociálna demokracia,1959-07-21,slovenská,Michalovce,Košický,viliam.zahorcak@nrsr.sk,True,Viliam Zahorčák,https://www.nrsr.sk/web/dynamic/PoslanecPhoto.aspx?PoslanecID=1019&ImageWidth=140,4936,6147,10
969,Anna,Zemanová,RNDr.,Sloboda a Solidarita,1959-09-12,slovenská,Bratislava,Bratislavský,anna.zemanova@nrsr.sk,True,Anna Zemanová,https://www.nrsr.sk/web/dynamic/PoslanecPhoto.aspx?PoslanecID=969&ImageWidth=140,5749,6149,46
776,Jana,Žitňanská,Mgr.,ZA ĽUDÍ,1974-05-14,slovenská,Bratislava,Bratislavský,jana.zitnanska@nrsr.sk,True,Jana Žitňanská,https://www.nrsr.sk/web/dynamic/PoslanecPhoto.aspx?PoslanecID=776&ImageWidth=140,5122,6153,47
1101,Peter,Cseh,,"OBYČAJNÍ ĽUDIA a nezávislé osobnosti (OĽANO), NOVA, Kresťanská únia (KÚ), ZMENA ZDOLA",1983-07-06,maďarská,Dolný Bar,Trnavský,peter.cseh@nrsr.sk,False,Peter Cseh,https://www.nrsr.sk/web/dynamic/PoslanecPhoto.aspx?PoslanecID=1101&ImageWidth=140,1847,1944,10
1091,György,Gyimesi,"PhDr., PhD.","OBYČAJNÍ ĽUDIA a nezávislé osobnosti (OĽANO), NOVA, Kresťanská únia (KÚ), ZMENA ZDOLA",1980-08-24,maďarská,Čičarovce,Košický,gyorgy.gyimesi@nrsr.sk,False,György Gyimesi,https://www.nrsr.sk/web/dynamic/PoslanecPhoto.aspx?PoslanecID=1091&ImageWidth=140,4673,5559,11
1106,Rastislav,Jílek,Mgr.,"OBYČAJNÍ ĽUDIA a nezávislé osobnosti (OĽANO), NOVA, Kresťanská únia (KÚ), ZMENA ZDOLA",1977-03-18,slovenská,Trebišov,Košický,rastislav.jilek@nrsr.sk,False,Rastislav Jílek,https://www.nrsr.sk/web/dynamic/PoslanecPhoto.aspx?PoslanecID=1106&ImageWidth=140,1966,2037,9
1093,Sebastián,Kozarec,,"OBYČAJNÍ ĽUDIA a nezávislé osobnosti (OĽANO), NOVA, Kresťanská únia (KÚ), ZMENA ZDOLA",1997-08-20,slovenská,Dechtice,Trnavský,sebastian.kozarec@nrsr.sk,False,Sebastián Kozarec,https://www.nrsr.sk/web/dynamic/PoslanecPhoto.aspx?PoslanecID=1093&ImageWidth=140,4515,4844,12
1089,Radovan,Marcinčin,Mgr.,"OBYČAJNÍ ĽUDIA a nezávislé osobnosti (OĽANO), NOVA, Kresťanská únia (KÚ), ZMENA ZDOLA",1970-04-28,slovenská,Spišská Nová Ves,Košický,radovan.marcincin@nrsr.sk,True,Radovan Marcinčin,https://www.nrsr.sk/web/dynamic/PoslanecPhoto.aspx?PoslanecID=1089&ImageWidth=140,5677,6126,27
1092,Richard,Nemec,Bc.,"OBYČAJNÍ ĽUDIA a nezávislé osobnosti (OĽANO), NOVA, Kresťanská únia (KÚ), ZMENA ZDOLA",1972-05-03,slovenská,Bratislava,Bratislavský,richard.nemec@nrsr.sk,False,Richard Nemec,https://www.nrsr.sk/web/dynamic/PoslanecPhoto.aspx?PoslanecID=1092&ImageWidth=140,4698,4976,32
1090,Marek,Šefčík,Mgr.,"OBYČAJNÍ ĽUDIA a nezávislé osobnosti (OĽANO), NOVA, Kresťanská únia (KÚ), ZMENA ZDOLA",1978-06-20,slovenská,Holíč,Trnavský,marek.sefcik@nrsr.sk,True,Marek Šefčík,https://www.nrsr.sk/web/dynamic/PoslanecPhoto.aspx?PoslanecID=1090&ImageWidth=140,5903,6127,60
1094,Vojtech,Tóth,MBA,"OBYČAJNÍ ĽUDIA a nezávislé osobnosti (OĽANO), NOVA, Kresťanská únia (KÚ), ZMENA ZDOLA",1980-11-07,slovenská,Košice,Košický,vojtech.toth@nrsr.sk,False,Vojtech Tóth,https://www.nrsr.sk/web/dynamic/PoslanecPhoto.aspx?PoslanecID=1094&ImageWidth=140,4375,5270,15
1095,Vladimír,Zajačik,,"OBYČAJNÍ ĽUDIA a nezávislé osobnosti (OĽANO), NOVA, Kresťanská únia (KÚ), ZMENA ZDOLA",1948-12-05,slovenská,Rejdová,Košický,vladimir.zajacik@nrsr.sk,False,Vladimír Zajačik,https://www.nrsr.sk/web/dynamic/PoslanecPhoto.aspx?PoslanecID=1095&ImageWidth=140,4405,5544,14
880,Ladislav,Kamenický,Ing.,SMER – sociálna demokracia,1970-10-04,slovenská,Bratislava,Bratislavský,ladislav.kamenicky@nrsr.sk,True,Ladislav Kamenický,https://www.nrsr.sk/web/dynamic/PoslanecPhoto.aspx?PoslanecID=880&ImageWidth=140,5149,6134,20
1081,Ľubica,Laššáková,PhDr.,SMER – sociálna demokracia,1960-08-18,slovenská,Banská Bystrica,Banskobystrický,lubica.lassakova@nrsr.sk,True,Ľubica Laššáková,https://www.nrsr.sk/web/dynamic/PoslanecPhoto.aspx?PoslanecID=1081&ImageWidth=140,4523,6105,2
682,Peter,Pellegrini,Ing.,SMER – sociálna demokracia,1975-10-06,slovenská,Banská Bystrica,Banskobystrický,peter.pellegrini@nrsr.sk,True,Peter Pellegrini,https://www.nrsr.sk/web/dynamic/PoslanecPhoto.aspx?PoslanecID=682&ImageWidth=140,3612,6134,44
761,Richard,Raši,"MUDr., PhD., MPH",SMER – sociálna demokracia,1971-04-02,slovenská,Košice,Košický,richard.rasi@nrsr.sk,True,Richard Raši,https://www.nrsr.sk/web/dynamic/PoslanecPhoto.aspx?PoslanecID=761&ImageWidth=140,4487,6126,41
689,Ján,Richter,JUDr.,SMER – sociálna demokracia,1956-10-05,slovenská,Nitra,Nitriansky,jan.richter@nrsr.sk,True,Ján Richter,https://www.nrsr.sk/web/dynamic/PoslanecPhoto.aspx?PoslanecID=689&ImageWidth=140,5572,6132,12
941,Denisa,Saková,"Ing. , PhD.",SMER – sociálna demokracia,1976-04-17,slovenská,Bratislava,Bratislavský,denisa.sakova@nrsr.sk,True,Denisa Saková,https://www.nrsr.sk/web/dynamic/PoslanecPhoto.aspx?PoslanecID=941&ImageWidth=140,4522,6105,37
691,Peter,Žiga,"Ing., PhD.",SMER – sociálna demokracia,1972-07-27,slovenská,Košice,Košický,peter.ziga@nrsr.sk,True,Peter Žiga,https://www.nrsr.sk/web/dynamic/PoslanecPhoto.aspx?PoslanecID=691&ImageWidth=140,4156,6134,6
1096,Jozef,Hlinka,"Ing., PhD.",SME RODINA,1963-06-14,slovenská,Bratislava,Bratislavský,jozef.hlinka@nrsr.sk,False,Jozef Hlinka,https://www.nrsr.sk/web/dynamic/PoslanecPhoto.aspx?PoslanecID=1096&ImageWidth=140,4917,5380,21
1097,Eva,Hudecová,Mgr.,SME RODINA,1989-08-16,slovenská,Nitra,Nitriansky,eva.hudecova@nrsr.sk,False,Eva Hudecová,https://www.nrsr.sk/web/dynamic/PoslanecPhoto.aspx?PoslanecID=1097&ImageWidth=140,4936,5570,20
1102,Roman,Foltin,"Ing., PhD.",Sloboda a Solidarita,1966-08-14,slovenská,Bratislava,Bratislavský,roman.foltin@nrsr.sk,False,Roman Foltin,https://www.nrsr.sk/web/dynamic/PoslanecPhoto.aspx?PoslanecID=1102&ImageWidth=140,3163,4015,12
1104,Radovan,Kazda,Ing.,Sloboda a Solidarita,1972-02-09,slovenská,Bratislava,Bratislavský,radovan.kazda@nrsr.sk,False,Radovan Kazda,https://www.nrsr.sk/web/dynamic/PoslanecPhoto.aspx?PoslanecID=1104&ImageWidth=140,3687,4011,17
847,Milan,Laurenčík,Ing.,Sloboda a Solidarita,1958-09-23,slovenská,Terchová,Žilinský,milan.laurencik@nrsr.sk,False,Milan Laurenčík,https://www.nrsr.sk/web/dynamic/PoslanecPhoto.aspx?PoslanecID=847&ImageWidth=140,3564,3717,13
1103,Radovan,Sloboda,Ing.,Sloboda a Solidarita,1966-05-27,slovenská,Banská Bystrica,Banskobystrický,radovan.sloboda@nrsr.sk,False,Radovan Sloboda,https://www.nrsr.sk/web/dynamic/PoslanecPhoto.aspx?PoslanecID=1103&ImageWidth=140,3387,4013,27
1098,Miroslav,Žiak,Ing.,Sloboda a Solidarita,1987-11-27,slovenská,Prievidza,Trenčiansky,miroslav.ziak@nrsr.sk,False,Miroslav Žiak,https://www.nrsr.sk/web/dynamic/PoslanecPhoto.aspx?PoslanecID=1098&ImageWidth=140,3363,3721,12
1099,Marek,Antal,Ing.,ZA ĽUDÍ,1966-08-12,slovenská,Košice,Košický,marek.antal@nrsr.sk,True,Marek Antal,https://www.nrsr.sk/web/dynamic/PoslanecPhoto.aspx?PoslanecID=1099&ImageWidth=140,392,628,1
1105,Viera,Leščáková,PaedDr.,ZA ĽUDÍ,1974-06-14,slovenská,Veľký Šariš,Prešovský,viera.lescakova@nrsr.sk,False,Viera Leščáková,https://www.nrsr.sk/web/dynamic/PoslanecPhoto.aspx?PoslanecID=1105&ImageWidth=140,1782,2028,7
1100,Alexandra,Pivková,PhDr.,ZA ĽUDÍ,1964-09-30,slovenská,Lučenec,Banskobystrický,alexandra.pivkova@nrsr.sk,False,Alexandra Pivková,https://www.nrsr.sk/web/dynamic/PoslanecPhoto.aspx?PoslanecID=1100&ImageWidth=140,3139,3721,14
1108,Andrea,Letanovská,"MUDr., PhD.",ZA ĽUDÍ,1969-04-26,slovenská,Bratislava,Bratislavský,andrea.letanovska@nrsr.sk,False,Andrea Letanovská,https://www.nrsr.sk/web/dynamic/PoslanecPhoto.aspx?PoslanecID=1108&ImageWidth=140,847,1260,3
1107,Miriam,Šuteková,Mgr.,ZA ĽUDÍ,1975-02-20,slovenská,Žilina,Žilinský,miriam.sutekova@nrsr.sk,False,Miriam Šuteková,https://www.nrsr.sk/web/dynamic/PoslanecPhoto.aspx?PoslanecID=1107&ImageWidth=140,3922,5274,18
1113,Jozef,Kanuščák,,Sloboda a Solidarita,1974-02-18,,Lipany,Prešovský,jozef.kanuscak@nrsr.sk,False,Jozef Kanuščák,https://www.nrsr.sk/web/dynamic/PoslanecPhoto.aspx?PoslanecID=1113&ImageWidth=140,546,560,0
1112,Slavěna,Vorobelová,Ing.,Kotlebovci - Ľudová strana Naše Slovensko,1981-11-18,slovenská,Humenné,Prešovský,slavena.vorobelova@nrsr.sk,True,Slavěna Vorobelová,https://www.nrsr.sk/web/dynamic/PoslanecPhoto.aspx?PoslanecID=1112&ImageWidth=140,2598,2737,0
